Token,PoS,Lemma
Vernissage,NOUN,Vernissage
"""",PUNCT,--
APOLLO,PROPN,APOLLO
11,NUM,11
-,PUNCT,--
netxt,NOUN,netxt
steps,ADJ,Steps
"""",PUNCT,--
"
",SPACE,"
"
Am,ADP,an
Samstag,NOUN,Samstag
",",PUNCT,--
den,DET,der
25.,ADJ,25.
Februar,NOUN,Februar
2017,NUM,2017
",",PUNCT,--
ab,ADP,ab
18:00,ADJ,18:00
Uhr,NOUN,Uhr
eröffnet,VERB,eröffnen
im,ADP,in
Ausstellungszentrum,NOUN,Ausstellungszentrum
Pyramide,NOUN,Pyramid
die,DET,der
Ausstellung,NOUN,Ausstellung
„,PUNCT,--
The,PROPN,The
Eagle,PROPN,Eagle
has,PROPN,has
landed,X,Landed
:,PUNCT,--
Apollo,PROPN,Apollo
11,NUM,11
–,PUNCT,--
next,PROPN,next
steps,PROPN,Steps
”,PUNCT,”
mit,ADP,mit
Arbeiten,NOUN,Arbeit
von,ADP,von
157,NUM,157
Künstlerinnen,NOUN,Künstlerinn
und,CCONJ,und
Künstlern,NOUN,Künstler
aus,ADP,aus
35,NUM,35
Ländern,NOUN,Land
.,PUNCT,--
Die,DET,der
Ausstellung,NOUN,Ausstellung
nimmt,VERB,nehmen
Bezug,NOUN,Bezug
auf,ADP,auf
ein,DET,ein
historisches,ADJ,historisch
Ereignis,NOUN,Ereignis
und,CCONJ,und
dessen,PRON,der
Übermittlung,NOUN,Übermittlung
:,PUNCT,--
Die,DET,der
Appollo-Mondlandung,NOUN,Appollo-Mondlandung
1969,NUM,1969
und,CCONJ,und
deren,PRON,der
Fernsehübertragung,NOUN,Fernsehübertragung
",",PUNCT,--
die,PRON,der
weltweit,ADV,weltweit
von,ADP,von
fast,ADV,fast
600,NUM,600
Millionen,NOUN,Million
Menschen,NOUN,Mensch
verfolgt,VERB,verfolgen
wurde,AUX,werden
.,PUNCT,--
Auf,ADP,auf
die,DET,der
2014,NUM,2014
im,ADP,in
Internet,NOUN,Internet
veröffentlichte,ADJ,veröffentlicht
Einladung,NOUN,Einladung
von,ADP,von
Wojciech,PROPN,Wojciech
Rózynski,PROPN,Rózynski
",",PUNCT,--
45,NUM,45
Jahre,NOUN,Jahr
später,ADV,spät
mit,ADP,mit
künstlerischen,ADJ,künstlerisch
Mitteln,NOUN,Mittel
an,ADP,an
dieses,DET,dieser
Ereignis,NOUN,Ereignis
zu,PART,zu
erinnern,VERB,erinnern
",",PUNCT,--
gingen,VERB,gehen
Mail-Art,NOUN,Mail-Art
",",PUNCT,--
Fotoarbeiten,NOUN,Fotoarbeit
",",PUNCT,--
Collagen,NOUN,Collage
",",PUNCT,--
Malereien,NOUN,Malerei
",",PUNCT,--
Installationen,NOUN,Installation
und,CCONJ,und
Videos,NOUN,Videos
von,ADP,von
namhaften,ADJ,namhaft
und,CCONJ,und
unbekannten,ADJ,unbekannt
Künstlern,NOUN,Künstler
aus,ADP,aus
allen,DET,aller
Ecken,NOUN,Ecke
der,DET,der
Welt,NOUN,Welt
ein,ADV,ein
",",PUNCT,--
die,PRON,der
zeigen,VERB,zeigen
",",PUNCT,--
wie,SCONJ,wie
dieser,DET,dieser
Blick,NOUN,Blick
aus,ADP,aus
dem,DET,der
Kosmos,NOUN,Kosmos
auf,ADP,auf
unsere,DET,unser
Erde,NOUN,Erde
unser,DET,unser
Selbstbild,NOUN,Selbstbild
und,CCONJ,und
das,DET,der
Verständnis,NOUN,Verständnis
unseres,DET,unser
kleinen,ADJ,klein
Planeten,NOUN,Planet
im,ADP,in
unendlichen,ADJ,unendlich
kosmischen,ADJ,kosmisch
Raum,NOUN,Raum
erschüttert,VERB,erschüttern
und,CCONJ,und
verändert,VERB,verändern
hat,AUX,haben
.,PUNCT,--
Neil,NOUN,Neil
Armstrongs,PROPN,Armstrong
viel,DET,viel
zitierter,ADJ,zitiert
Ausspruch,NOUN,Ausspruch
bringt,VERB,bringen
das,PRON,der
auf,ADP,auf
den,DET,der
Punkt,NOUN,Punkt
:,PUNCT,--
“,PUNCT,--
One,PROPN,One
small,PROPN,small
step,PROPN,step
for,PROPN,for
[,PROPN,[
a,PROPN,a
],PROPN,]
man,PRON,man
",",PUNCT,--
one,NOUN,One
giant,ADV,giant
leap,PROPN,Leap
for,PROPN,for
mankind,PROPN,mankind
.,PUNCT,--
”,PROPN,”
(,PUNCT,--
Ein,DET,ein
kleiner,ADJ,klein
Schritt,NOUN,Schritt
für,ADP,für
einen,DET,ein
Menschen,NOUN,Mensch
",",PUNCT,--
ein,DET,ein
gigantischer,ADJ,gigantisch
Sprung,NOUN,Sprung
für,ADP,für
die,DET,der
Menschheit,NOUN,Menschheit
),PUNCT,--
.,PUNCT,--
Die,DET,der
Ausstellung,NOUN,Ausstellung
wanderte,VERB,wanderen
bisher,ADV,bisher
mit,ADP,mit
großem,ADJ,groß
Erfolg,NOUN,Erfolg
durch,ADP,durch
namhafte,ADJ,namhaft
polnische,ADJ,polnisch
Galerien,NOUN,Galerie
:,PUNCT,--
2014,NUM,2014
in,ADP,in
der,DET,der
Galerie,NOUN,Galerie
Dzialan,NOUN,Dzialan
in,ADP,in
Warschau,PROPN,Warschau
gezeigt,VERB,zeigen
",",PUNCT,--
danach,ADV,danach
in,ADP,in
der,DET,der
BWA,PROPN,BWA
Galerie,NOUN,Galerie
in,ADP,in
Zielona,PROPN,Zielona
Gora,PROPN,Gora
",",PUNCT,--
dann,ADV,dann
2015,NUM,2015
in,ADP,in
der,DET,der
Wozownia,PROPN,Wozownia
Galerie,NOUN,Galerie
in,ADP,in
Torun,PROPN,Torun
und,CCONJ,und
2016,NUM,2016
während,ADP,während
des,DET,der
jährlichen,ADJ,jährlich
Festivals,NOUN,Festival
im,ADP,in
Kulturhaus,NOUN,Kulturhaus
in,ADP,in
Podkowa,PROPN,Podkowa
Lesna,PROPN,Lesna
.,PUNCT,--
Einen,DET,ein
Schwerpunkt,NOUN,Schwerpunkt
der,DET,der
Präsentation,NOUN,Präsentation
in,ADP,in
dem,DET,der
Ausstellungszentrum,NOUN,Ausstellungszentrum
Pyramide,NOUN,Pyramid
in,ADP,in
Berlin,PROPN,Berlin
Hellersdorf,PROPN,Hellersdorf
bilden,VERB,bilden
Malereien,NOUN,Malerei
",",PUNCT,--
Fotoarbeiten,NOUN,Fotoarbeit
",",PUNCT,--
Objekte,NOUN,Objekt
und,CCONJ,und
Installationen,NOUN,Installation
von,ADP,von
Künstlerinnen,NOUN,Künstlerinne
und,CCONJ,und
Künstlern,NOUN,Künstler
aus,ADP,aus
Warschau,PROPN,Warschau
und,CCONJ,und
Berlin,PROPN,Berlin
mit,ADP,mit
einer,DET,ein
Auswahl,NOUN,Auswahl
aus,ADP,aus
den,DET,der
internationalen,ADJ,international
Beiträgen,NOUN,Beitrag
.,PUNCT,--
Das,DET,der
Thema,NOUN,Thema
bleibt,VERB,bleiben
aktuell,ADV,aktuell
.,PUNCT,--
Weitere,ADJ,weit
utopisch,ADV,utopisch
anmutende,ADJ,anmutend
‘,PUNCT,‘
giant,ADV,giant
leaps,X,Leaps
’,PUNCT,’
der,DET,der
Menschheit,NOUN,Menschheit
sind,AUX,sein
in,ADP,in
Vorbereitung,NOUN,Vorbereitung
.,PUNCT,--
47,NUM,47
Jahre,NOUN,Jahr
später,ADV,spät
",",PUNCT,--
im,ADP,in
Oktober,NOUN,Oktober
2016,NUM,2016
",",PUNCT,--
ist,AUX,sein
die,DET,der
Sonde,NOUN,Sonde
‘,PUNCT,--
Schiaparelli,NOUN,Schiaparelli
’,PROPN,’
auf,ADP,auf
dem,DET,der
Mars,PROPN,Mars
angekommen,VERB,ankommen
",",PUNCT,--
aber,CCONJ,aber
wahrscheinlich,ADV,wahrscheinlich
beim,ADP,bei
Aufprall,NOUN,Aufprall
auf,ADP,auf
den,DET,der
Planeten,NOUN,Planet
explodiert,VERB,explodieren
.,PUNCT,--
Das,DET,der
europäisch-russische,ADJ,europäisch-russisch
Forschungsprojekt,NOUN,Forschungsprojekt
ExoMars,PROPN,ExoMars
dient,VERB,dienen
der,DET,der
Suche,NOUN,Suche
nach,ADP,nach
Spuren,NOUN,Spur
von,ADP,von
Leben,NOUN,Leben
.,PUNCT,--
Weltweit,ADV,weltweit
arbeiten,VERB,arbeiten
Wissenschaftler,NOUN,Wissenschaftler
an,ADP,an
der,DET,der
Theorie,NOUN,Theorie
",",PUNCT,--
wie,SCONJ,wie
die,DET,der
Atmosphäre,NOUN,Atmosphäre
des,DET,der
eisigen,ADJ,eisig
Planeten,NOUN,Planet
durch,ADP,durch
künstliche,ADJ,künstlich
Erwärmung,NOUN,Erwärmung
derart,ADV,derart
verändert,VERB,verändern
werden,AUX,werden
kann,AUX,können
",",PUNCT,--
dass,SCONJ,dass
der,DET,der
Mars,NOUN,Mars
langfristig,ADV,langfristig
für,ADP,für
Menschen,NOUN,Mensch
bewohnbar,ADV,bewohnbar
wird,AUX,werden
.,PUNCT,--
Der,DET,der
niederländische,ADJ,niederländisch
Unternehmer,NOUN,Unternehmer
Bas,PROPN,Bas
Lansdorp,PROPN,Lansdorp
will,AUX,wollen
mit,ADP,mit
dem,DET,der
‘,PUNCT,--
Mars,PROPN,Mars
One,PROPN,One
’,PROPN,’
Projekt,NOUN,Projekt
voraussichtlich,ADV,voraussichtlich
bis,ADP,bis
zum,ADP,zu
Jahr,NOUN,Jahr
2025,NUM,2025
die,DET,der
ersten,ADJ,erster
Menschen,NOUN,Mensch
auf,ADP,auf
dem,DET,der
Mars,NOUN,Mars
bringen,VERB,bringen
und,CCONJ,und
dort,ADV,dort
eine,DET,ein
Kolonie,NOUN,Kolonie
aufbauen,VERB,aufbauen
lassen,VERB,lassen
.,PUNCT,--
Obwohl,SCONJ,obwohl
eine,DET,ein
Rückkehr,NOUN,Rückkehr
der,DET,der
Pioniere,NOUN,Pionier
zur,ADP,zu
Erde,NOUN,Erde
nicht,PART,nicht
vorgesehen,VERB,vorsehen
ist,AUX,sein
",",PUNCT,--
haben,AUX,haben
sich,PRON,sich
mehr,DET,mehr
als,ADP,als
200.000,NUM,200.000
Menschen,NOUN,Mensch
aus,ADP,aus
140,NUM,140
Ländern,NOUN,Land
um,ADP,um
Teilnahme,NOUN,Teilnahme
beworben,VERB,beworben
.,PUNCT,--
Ausstellungszentrum,NOUN,Ausstellungszentrum
Pyramide,PROPN,Pyramide
Riesaer,PROPN,Riesaer
Str.,NOUN,Str.
94,NUM,94
",",PUNCT,--
12627,NUM,12627
Berlin,PROPN,Berlin
Tel.,NOUN,Tel.
:,PUNCT,--
030,NUM,030
/,PUNCT,--
90293,NUM,90293
-,NUM,-
4132,NUM,4132
www.ausstellungszentrumpyramide.de,PROPN,www.ausstellungszentrumpyramide.de
Öffnungszeiten,NOUN,Öffnungszeit
Montag,NOUN,Montag
bis,ADP,bis
Freitag,NOUN,Freitag
10:00,ADV,10:00
bis,ADP,bis
18:00,ADJ,18:00
Uhr,NOUN,Uhr
",",PUNCT,--
EINTRITT,PROPN,EINTRITT
FREI,X,FREI
VERANSTALTUNGSDATEN,NOUN,VERANSTALTUNGSDATEN
:,PUNCT,--
Samstag,NOUN,Samstag
",",PUNCT,--
den,DET,der
25.,ADJ,25.
Februar,NOUN,Februar
bis,ADP,bis
Samstag,NOUN,Samstag
",",PUNCT,--
den,DET,der
25,NUM,25
März,NOUN,März
2017,NUM,2017
The,PROPN,The
Eagle,PROPN,Eagle
has,PROPN,has
landed,X,Landed
:,PUNCT,--
Apollo,PROPN,Apollo
11,NUM,11
–,PUNCT,--
next,PROPN,next
steps,PROPN,Steps
–,PUNCT,--
ein,DET,ein
internationales,ADJ,international
Kunstprojekt,NOUN,Kunstprojekt
zur,ADP,zu
ersten,ADJ,erster
Mondlandung,NOUN,Mondlandung
157,NUM,157
Künstlerinnen,NOUN,Künstlerinn
und,CCONJ,und
Künstler,NOUN,Künstler
aus,ADP,aus
35,NUM,35
Ländern,NOUN,Land
Mail-Art,PROPN,Mail-Art
l,PROPN,l
Collage,PROPN,Collage
l,PROPN,l
Malerei,PROPN,Malerei
l,PROPN,l
Installation,NOUN,Installation
l,PROPN,l
Video,PROPN,Video
Kurator,NOUN,Kurator
:,PUNCT,--
Wojciech,PROPN,Wojciech
Rózynski,PROPN,Rózynski
Vernissage,NOUN,Vernissage
Samstag,NOUN,Samstag
",",PUNCT,--
den,DET,der
25.,ADJ,25.
Februar,NOUN,Februar
2017,NUM,2017
",",PUNCT,--
ab,ADP,ab
18:00,ADJ,18:00
Uhr,NOUN,Uhr
Einführung,NOUN,Einführung
:,PUNCT,--
Wojciech,PROPN,Wojciech
Ròzynski,PROPN,Ròzynski
Musik,NOUN,Musik
:,PUNCT,--
DUBSPACE,NOUN,DUBSPACE
/,PUNCT,--
/,PUNCT,--
BLUM,NOUN,BLUM
EXPERIMENTAL,PROPN,EXPERIMENTAL
experimental,ADV,experimental
soundscapes,ADJ,soundscap
Ausstellende,ADJ,Ausstellend
Künstlerinnen,NOUN,Künstlerin
und,CCONJ,und
Künstler,NOUN,Künstler
:,PUNCT,--
Ağar,NOUN,Ağar
Meral,PROPN,Meral
(,PUNCT,--
TR,PROPN,TR
),PUNCT,--
",",PUNCT,--
Aguiar,PROPN,Aguiar
Fernando,PROPN,Fernando
(,PUNCT,--
PT,PROPN,PT
),PUNCT,--
",",PUNCT,--
Alekyan,NOUN,Alekyan
Karen,PROPN,Karen
(,PUNCT,--
AM,PROPN,AM
),PUNCT,--
",",PUNCT,--
Ansesson,PROPN,Ansesson
D.R.,PROPN,D.R.
Jerry,PROPN,Jerry
(,PUNCT,--
SE,PROPN,SE
),PUNCT,--
",",PUNCT,--
Babenko,PROPN,Babenko
Dmitry,PROPN,Dmitry
(,PUNCT,--
RU,PROPN,RU
),PUNCT,--
",",PUNCT,--
Baroni,PROPN,Baroni
Vittore,PROPN,Vittore
(,PUNCT,--
IT,PROPN,IT
),PUNCT,--
",",PUNCT,--
Bathes,PROPN,Bathes
Keith,PROPN,Keith
(,PUNCT,--
UK,NOUN,UK
),PUNCT,--
",",PUNCT,--
Baur,PROPN,Baur
Horst,PROPN,Horst
(,PUNCT,--
CN,PROPN,CN
),PUNCT,--
",",PUNCT,--
Bayer,PROPN,Bayer
Hanna,PROPN,Hanna
(,PUNCT,--
DE,PROPN,DE
),PUNCT,--
",",PUNCT,--
Belles,PROPN,Belles
Marta,PROPN,Marta
(,PUNCT,--
ES,PROPN,ES
),PUNCT,--
",",PUNCT,--
Bericat,PROPN,Bericat
Pedro,PROPN,Pedro
(,PUNCT,--
ES,PROPN,ES
),PUNCT,--
",",PUNCT,--
Bielesz,PROPN,Bielesz
Magda,PROPN,Magda
(,PUNCT,--
PL,PROPN,PL
),PUNCT,--
",",PUNCT,--
Bloch,PROPN,Bloch
Mark,NOUN,Mark
(,PUNCT,--
USA,PROPN,USA
),PUNCT,--
",",PUNCT,--
Bonanni,PROPN,Bonanni
Angiola,PROPN,Angiola
(,PUNCT,--
ES,PROPN,ES
),PUNCT,--
",",PUNCT,--
Bondioli,PROPN,Bondioli
Guido,PROPN,Guido
(,PUNCT,--
GT,NOUN,GT
),PUNCT,--
",",PUNCT,--
Borowa,PROPN,Borowa
Dorota,PROPN,Dorota
(,PUNCT,--
PL,PROPN,PL
),PUNCT,--
",",PUNCT,--
Bossi,PROPN,Bossi
Cecilia,PROPN,Cecilia
(,PUNCT,--
IT,PROPN,IT
),PUNCT,--
",",PUNCT,--
Bryzek,PROPN,Bryzek
Izabella,PROPN,Izabella
(,PUNCT,--
UK,NOUN,UK
),PUNCT,--
",",PUNCT,--
Bucci,PROPN,Bucci
Rossana,PROPN,Rossana
(,PUNCT,--
IT,PROPN,IT
),PUNCT,--
",",PUNCT,--
Castello,PROPN,Castello
Mayol,PROPN,Mayol
Antonia,PROPN,Antonia
(,PUNCT,--
ES,PROPN,ES
),PUNCT,--
",",PUNCT,--
Chamczyk,PROPN,Chamczyk
Izabela,PROPN,Izabela
(,PUNCT,--
PL,PROPN,PL
),PUNCT,--
",",PUNCT,--
Chiarlone,PROPN,Chiarlone
Bruno,PROPN,Bruno
(,PUNCT,--
IT,PROPN,IT
),PUNCT,--
",",PUNCT,--
Chrysler,PROPN,Chrysler
Chad,PROPN,Chad
(,PUNCT,--
JP,NOUN,JP
),PUNCT,--
",",PUNCT,--
Culla,PROPN,Culla
Daniel,PROPN,Daniel
de,PROPN,de
(,PUNCT,--
ES,PROPN,ES
),PUNCT,--
",",PUNCT,--
Curyło,PROPN,Curyło
Julia,PROPN,Julia
(,PUNCT,--
PL,PROPN,PL
),PUNCT,--
",",PUNCT,--
Dame,X,Dame
Mailarta,PROPN,Mailarta
(,PUNCT,--
CA,PROPN,CA
),PUNCT,--
",",PUNCT,--
Davalli,PROPN,Davalli
Daniele,NOUN,Daniel
(,PUNCT,--
IT,PROPN,IT
),PUNCT,--
",",PUNCT,--
Derkacz,PROPN,Derkacz
Jerzy,PROPN,Jerzy
(,PUNCT,--
PL,PROPN,PL
),PUNCT,--
",",PUNCT,--
Desert,PROPN,Desert
Jean-Ulrick,PROPN,Jean-Ulrick
(,PUNCT,--
HTI,PROPN,HTI
),PUNCT,--
",",PUNCT,--
Diotallevi,PROPN,Diotallevi
Marcello,PROPN,Marcello
(,PUNCT,--
IT,PROPN,IT
),PUNCT,--
",",PUNCT,--
Duchowski,PROPN,Duchowski
Maciek,PROPN,Maciek
(,PUNCT,--
PL,PROPN,PL
),PUNCT,--
",",PUNCT,--
Dudek,PROPN,Dudek
Durer,PROPN,Durer
Andrzej,PROPN,Andrzej
(,PUNCT,--
PL,PROPN,PL
),PUNCT,--
",",PUNCT,--
Dzierzon,PROPN,Dzierzon
Petra,PROPN,Petra
(,PUNCT,--
DE,PROPN,DE
),PUNCT,--
",",PUNCT,--
Fafard-Marconi,PROPN,Fafard-Marconi
Elaine,PROPN,Elaine
(,PUNCT,--
CA,PROPN,CA
),PUNCT,--
",",PUNCT,--
Femenias,PROPN,Femenia
Victor,PROPN,Victor
(,PUNCT,--
CL,PROPN,CL
),PUNCT,--
",",PUNCT,--
Fiammingo,PROPN,Fiammingo
Patricia,PROPN,Patricia
(,PUNCT,--
FR,PROPN,FR
),PUNCT,--
",",PUNCT,--
Fierens,PROPN,Fieren
Luc,PROPN,Luc
(,PUNCT,--
BE,PROPN,BE
),PUNCT,--
",",PUNCT,--
Firląg,PROPN,Firląg
Magdalena,PROPN,Magdalena
(,PUNCT,--
PL,PROPN,PL
),PUNCT,--
",",PUNCT,--
Franzen,PROPN,Franzen
Piet,PROPN,Piet
(,PUNCT,--
NL,PROPN,NL
),PUNCT,--
",",PUNCT,--
Frydrych,PROPN,Frydrych
Michał,PROPN,Michał
(,PUNCT,--
PL,PROPN,PL
),PUNCT,--
",",PUNCT,--
Fuhrken,PROPN,Fuhrken
Christoph,PROPN,Christoph
(,PUNCT,--
DE,PROPN,DE
),PUNCT,--
",",PUNCT,--
G,PROPN,G
Anabela,PROPN,Anabela
&,CCONJ,&
C,PROPN,C
Bruno,PROPN,Bruno
(,PUNCT,--
PT,PROPN,PT
),PUNCT,--
",",PUNCT,--
Gajewski,PROPN,Gajewski
Mariusz,PROPN,Mariusz
(,PUNCT,--
PL,PROPN,PL
),PUNCT,--
",",PUNCT,--
Geminiani,PROPN,Geminiani
Ruth,PROPN,Ruth
G,PROPN,G
(,PUNCT,--
AR,PROPN,AR
),PUNCT,--
",",PUNCT,--
Grandinetti,PROPN,Grandinetti
Claudio,PROPN,Claudio
(,PUNCT,--
IT,PROPN,IT
),PUNCT,--
",",PUNCT,--
Grisellcolor,PROPN,Grisellcolor
Art,PROPN,Art
(,PUNCT,--
MX,PROPN,MX
),PUNCT,--
",",PUNCT,--
Groenendaal,NOUN,Groenendaal
Rinus,PROPN,Rinus
(,PUNCT,--
NL,PROPN,NL
),PUNCT,--
",",PUNCT,--
Groh,PROPN,Groh
Klaus,PROPN,Klaus
(,PUNCT,--
DE,PROPN,DE
),PUNCT,--
",",PUNCT,--
Grudzień,PROPN,Grudzień
Adam,PROPN,Adam
(,PUNCT,--
PL,PROPN,PL
),PUNCT,--
",",PUNCT,--
Grundmann,PROPN,Grundmann
Elke,PROPN,Elke
(,PUNCT,--
DE,PROPN,DE
),PUNCT,--
",",PUNCT,--
Gryska,PROPN,Gryska
Magdalena,PROPN,Magdalena
(,PUNCT,--
PL,PROPN,PL
),PUNCT,--
",",PUNCT,--
Halbritter,PROPN,Halbritter
Roland,PROPN,Roland
(,PUNCT,--
DE,PROPN,DE
),PUNCT,--
",",PUNCT,--
Haltermann,PROPN,Haltermann
Andreas,PROPN,Andreas
(,PUNCT,--
DE,PROPN,DE
),PUNCT,--
",",PUNCT,--
Hamilton,PROPN,Hamilton
Zahary,ADJ,Zahary
Scott,NOUN,Scott
(,PUNCT,--
USA,PROPN,USA
),PUNCT,--
",",PUNCT,--
Held,NOUN,Held
John,PROPN,John
jr.,PROPN,jr.
(,PUNCT,--
USA,PROPN,USA
),PUNCT,--
",",PUNCT,--
Helsingor,PROPN,Helsingor
Fleur,NOUN,Fleur
(,PUNCT,--
USA,PROPN,USA
),PUNCT,--
",",PUNCT,--
Maria,PROPN,Maria
Antonia,PROPN,Antonia
(,PUNCT,--
BR,PROPN,BR
),PUNCT,--
",",PUNCT,--
Jansen,PROPN,Jansen
Thomas,PROPN,Thomas
Nondh,PROPN,Nondh
(,PUNCT,--
NL,PROPN,NL
),PUNCT,--
",",PUNCT,--
Jastrzębski,PROPN,Jastrzębski
Adam,PROPN,Adam
(,PUNCT,--
PL,PROPN,PL
),PUNCT,--
",",PUNCT,--
Jimenez,PROPN,Jimenez
Miguel,PROPN,Miguel
(,PUNCT,--
ES,PROPN,ES
),PUNCT,--
",",PUNCT,--
Kaczorowska,PROPN,Kaczorowska
Barbara,PROPN,Barbara
(,PUNCT,--
PL,PROPN,PL
),PUNCT,--
",",PUNCT,--
Karapuda,PROPN,Karapuda
Arkadiusz,PROPN,Arkadiusz
(,PUNCT,--
PL,PROPN,PL
),PUNCT,--
",",PUNCT,--
Kepçe,NOUN,Kepçe
Öznur,PROPN,Öznur
İleri,PROPN,İleri
(,PUNCT,--
TR,PROPN,TR
),PUNCT,--
",",PUNCT,--
Kieliszczyk,PROPN,Kieliszczyk
Agnieszka,NOUN,Agnieszka
(,PUNCT,--
PL,PROPN,PL
),PUNCT,--
",",PUNCT,--
Kobayashi,PROPN,Kobayashi
Makoto,PROPN,Makoto
(,PUNCT,--
JP,NOUN,JP
),PUNCT,--
",",PUNCT,--
Koterlin,PROPN,Koterlin
Rostyslav,PROPN,Rostyslav
(,PUNCT,--
UA,PROPN,UA
),PUNCT,--
",",PUNCT,--
Kömives,PROPN,Kömives
Andor,NOUN,Andor
(,PUNCT,--
RO,PROPN,RO
),PUNCT,--
",",PUNCT,--
Kraus,PROPN,Kraus
Wolfgang,PROPN,Wolfgang
(,PUNCT,--
DE,PROPN,DE
),PUNCT,--
",",PUNCT,--
Kuestermann,PROPN,Kuestermann
Peter,PROPN,Peter
(,PUNCT,--
DE,PROPN,DE
),PUNCT,--
",",PUNCT,--
Kunjappu-Jellinek,PROPN,Kunjappu-Jellinek
Susanne,PROPN,Susanne
(,PUNCT,--
DE,PROPN,DE
),PUNCT,--
",",PUNCT,--
Lakner,NOUN,Lakner
Susanna,PROPN,Susanna
(,PUNCT,--
DE,PROPN,DE
),PUNCT,--
",",PUNCT,--
Lalko,PROPN,Lalko
Marek,PROPN,Marek
(,PUNCT,--
PL,PROPN,PL
),PUNCT,--
",",PUNCT,--
Lazcano,PROPN,Lazcano
Diego,PROPN,Diego
Axel,PROPN,Axel
(,PUNCT,--
AR,PROPN,AR
),PUNCT,--
",",PUNCT,--
Lewin-Stern,NOUN,Lewin-St
Carmen,PROPN,Carmen
(,PUNCT,--
DE,PROPN,DE
),PUNCT,--
",",PUNCT,--
Łuczaj,PROPN,Łuczaj
Wiesław,PROPN,Wiesław
(,PUNCT,--
PL,PROPN,PL
),PUNCT,--
",",PUNCT,--
Maggi,PROPN,Maggi
Ruggero,PROPN,Ruggero
(,PUNCT,--
IT,PROPN,IT
),PUNCT,--
",",PUNCT,--
MALOK,PROPN,MALOK
(,PUNCT,--
USA,PROPN,USA
),PUNCT,--
",",PUNCT,--
Mattila-Tolvanen,NOUN,Mattila-Tolvan
Anja,PROPN,Anja
(,PUNCT,--
FI,PROPN,FI
),PUNCT,--
",",PUNCT,--
Mediavilla,PROPN,Mediavilla
Jose,PROPN,Jose
(,PUNCT,--
USA,PROPN,USA
),PUNCT,--
",",PUNCT,--
Messari,PROPN,Messari
Saïd,PROPN,Saïd
(,PUNCT,--
ES,PROPN,ES
),PUNCT,--
",",PUNCT,--
Miao,PROPN,Miao
Liu,PROPN,Liu
(,PUNCT,--
CN,PROPN,CN
),PUNCT,--
",",PUNCT,--
Mittendorf,PROPN,Mittendorf
Henning,PROPN,Henning
(,PUNCT,--
DE,PROPN,DE
),PUNCT,--
",",PUNCT,--
Mistrzak,PROPN,Mistrzak
Michalina,PROPN,Michalina
(,PUNCT,--
PL,PROPN,PL
),PUNCT,--
",",PUNCT,--
Mitan,PROPN,Mitan
Andrzej,PROPN,Andrzej
(,PUNCT,--
PL,PROPN,PL
),PUNCT,--
",",PUNCT,--
Moraczewska,PROPN,Moraczewska
Irena,PROPN,Irena
(,PUNCT,--
PL,PROPN,PL
),PUNCT,--
",",PUNCT,--
Morandi,PROPN,Morandi
Emilio,PROPN,Emilio
(,PUNCT,--
IT,PROPN,IT
),PUNCT,--
",",PUNCT,--
Murphy,NOUN,Murphy
Peter,PROPN,Peter
(,PUNCT,--
AU,PROPN,AU
),PUNCT,--
",",PUNCT,--
Nikonova,PROPN,Nikonova
Aletina,PROPN,Aletina
(,PUNCT,--
RU,PROPN,RU
),PUNCT,--
",",PUNCT,--
Ojda,PROPN,Ojda
Fredo,PROPN,Fredo
(,PUNCT,--
PL,PROPN,PL
),PUNCT,--
",",PUNCT,--
Olbrich,NOUN,Olbrich
Jürgen,PROPN,Jürgen
O.,PROPN,O.
(,PUNCT,--
DE,PROPN,DE
),PUNCT,--
",",PUNCT,--
Oronzo,PROPN,Oronzo
Liuzzi,PROPN,Liuzzi
(,PUNCT,--
IT,PROPN,IT
),PUNCT,--
",",PUNCT,--
Pacheco,PROPN,Pacheco
Lilian,PROPN,Lilian
(,PUNCT,--
BR,PROPN,BR
),PUNCT,--
",",PUNCT,--
Pasikowska-Pilecka,PROPN,Pasikowska-Pilecka
Anita,PROPN,Anita
(,PUNCT,--
PL,PROPN,PL
),PUNCT,--
",",PUNCT,--
Pellejero,PROPN,Pellejero
Paula,PROPN,Paula
(,PUNCT,--
AR,PROPN,AR
),PUNCT,--
",",PUNCT,--
Pergolesi,PROPN,Pergolesi
Ilaria,PROPN,Ilaria
(,PUNCT,--
IT,PROPN,IT
),PUNCT,--
",",PUNCT,--
Petrolpetal,PROPN,Petrolpetal
(,PUNCT,--
ZA,NOUN,ZA
),PUNCT,--
",",PUNCT,--
Pianowski,PROPN,Pianowski
Fabiane,PROPN,Fabiane
(,PUNCT,--
BR,PROPN,BR
),PUNCT,--
",",PUNCT,--
Pinter,NOUN,Pinter
Klaus,PROPN,Klaus
(,PUNCT,--
AT,PROPN,AT
),PUNCT,--
",",PUNCT,--
Poclage,PROPN,Poclage
Poul,PROPN,Poul
(,PUNCT,--
DK,PROPN,DK
),PUNCT,--
",",PUNCT,--
Restrepo,PROPN,Restrepo
Tulio,PROPN,Tulio
(,PUNCT,--
CO,NOUN,CO
),PUNCT,--
",",PUNCT,--
Rex,PROPN,Rex
Monica,PROPN,Monica
(,PUNCT,--
USA,PROPN,USA
),PUNCT,--
",",PUNCT,--
Ries,PROPN,Ries
Günter,PROPN,Günter
(,PUNCT,--
DE,PROPN,DE
),PUNCT,--
",",PUNCT,--
Rolfe,PROPN,Rolfe
Nigel,PROPN,Nigel
(,PUNCT,--
IE,PROPN,IE
),PUNCT,--
",",PUNCT,--
Romanin,PROPN,Romanin
Sabina,PROPN,Sabina
(,PUNCT,--
IT,PROPN,IT
),PUNCT,--
",",PUNCT,--
Romeo,PROPN,Romeo
Claudio,PROPN,Claudio
(,PUNCT,--
IT,PROPN,IT
),PUNCT,--
",",PUNCT,--
Ronchetti,PROPN,Ronchetti
Irene,PROPN,Irene
(,PUNCT,--
AR,PROPN,AR
),PUNCT,--
",",PUNCT,--
Rożnowska,PROPN,Rożnowska
Agnieszka,PROPN,Agnieszka
(,PUNCT,--
PL,PROPN,PL
),PUNCT,--
",",PUNCT,--
Różyński,PROPN,Różyński
Wojciech,PROPN,Wojciech
(,PUNCT,--
PL,PROPN,PL
),PUNCT,--
",",PUNCT,--
Ruf,NOUN,Ruf
Carola,PROPN,Carola
(,PUNCT,--
DE,PROPN,DE
),PUNCT,--
",",PUNCT,--
Sakowski,PROPN,Sakowski
Piotr,PROPN,Piotr
(,PUNCT,--
PL,PROPN,PL
),PUNCT,--
",",PUNCT,--
Sassu,NOUN,Sassu
Antonio,PROPN,Antonio
(,PUNCT,--
IT,PROPN,IT
),PUNCT,--
",",PUNCT,--
Scalin,PROPN,Scalin
Mim,PROPN,Mim
Golub,NOUN,Golub
(,PUNCT,--
USA,PROPN,USA
),PUNCT,--
",",PUNCT,--
Schmidt,PROPN,Schmidt
Sandra,PROPN,Sandra
Simona,PROPN,Simona
(,PUNCT,--
DE,PROPN,DE
),PUNCT,--
",",PUNCT,--
Sclaunich,PROPN,Sclaunich
Renato,PROPN,Renato
(,PUNCT,--
IT,PROPN,IT
),PUNCT,--
",",PUNCT,--
Shannon,PROPN,Shannon
D.C.,PROPN,D.C.
(,PUNCT,--
USA,PROPN,USA
),PUNCT,--
",",PUNCT,--
Skuber,PROPN,Skuber
Berty,PROPN,Berty
(,PUNCT,--
IT,PROPN,IT
),PUNCT,--
",",PUNCT,--
Smuga,PROPN,Smuga
Kamil,PROPN,Kamil
(,PUNCT,--
PL,PROPN,PL
),PUNCT,--
",",PUNCT,--
SNAPPY,PROPN,SNAPPY
(,PUNCT,--
CA,PROPN,CA
),PUNCT,--
",",PUNCT,--
Soberanes,PROPN,Soberan
Alcalde,NOUN,Alcalde
Jose,PROPN,Jose
(,PUNCT,--
MX,PROPN,MX
),PUNCT,--
",",PUNCT,--
Solimini,PROPN,Solimini
Renata,PROPN,Renata
(,PUNCT,--
IT,PROPN,IT
),PUNCT,--
",",PUNCT,--
Sordi,PROPN,Sordi
Alberto,PROPN,Alberto
(,PUNCT,--
IT,PROPN,IT
),PUNCT,--
",",PUNCT,--
Sousa,PROPN,Sousa
Pere,PROPN,Per
(,PUNCT,--
MX,PROPN,MX
),PUNCT,--
",",PUNCT,--
Strada,PROPN,Strada
Giovanni,PROPN,Giovanni
&,CCONJ,&
Renata,PROPN,Renata
(,PUNCT,--
IT,PROPN,IT
),PUNCT,--
",",PUNCT,--
Suede,NOUN,Suede
Lunar,NOUN,Lunar
(,PUNCT,--
CA,PROPN,CA
),PUNCT,--
",",PUNCT,--
Sullivan,PROPN,Sullivan
Jill,PROPN,Jill
Halbach,PROPN,Halbach
(,PUNCT,--
USA,PROPN,USA
),PUNCT,--
",",PUNCT,--
Summers,PROPN,Summer
Rod,PROPN,Rod
(,PUNCT,--
NL,PROPN,NL
),PUNCT,--
",",PUNCT,--
Suwalska,PROPN,Suwalska
Dorota,PROPN,Dorota
(,PUNCT,--
PL,PROPN,PL
),PUNCT,--
",",PUNCT,--
Szuszkiewicz,PROPN,Szuszkiewicz
Michał,PROPN,Michał
(,PUNCT,--
PL,PROPN,PL
),PUNCT,--
Szymańska,PROPN,Szymańska
Marzenna,PROPN,Marzenna
(,PUNCT,--
PL,PROPN,PL
),PUNCT,--
",",PUNCT,--
Telaro,PROPN,Telaro
Rino,PROPN,Rino
(,PUNCT,--
IT,PROPN,IT
),PUNCT,--
",",PUNCT,--
Testori,PROPN,Testori
Camilla,PROPN,Camilla
(,PUNCT,--
IT,PROPN,IT
),PUNCT,--
",",PUNCT,--
The,PROPN,The
Celestial,PROPN,Celestial
Scribe,PROPN,Scribe
(,PUNCT,--
BR,PROPN,BR
),PUNCT,--
",",PUNCT,--
Thornton,PROPN,Thornton
Alejandro,PROPN,Alejandro
(,PUNCT,--
AR,PROPN,AR
),PUNCT,--
",",PUNCT,--
Tiilila,PROPN,Tiilila
Paul,PROPN,Paul
(,PUNCT,--
FI,PROPN,FI
),PUNCT,--
",",PUNCT,--
Tomaszczuk,PROPN,Tomaszczuk
Zbigniew,PROPN,Zbigniew
(,PUNCT,--
PL,PROPN,PL
),PUNCT,--
",",PUNCT,--
Torraco,PROPN,Torraco
Giuseppe,PROPN,Giuseppe
Luca,PROPN,Luca
(,PUNCT,--
IT,PROPN,IT
),PUNCT,--
",",PUNCT,--
Tucker,ADJ,Tucker
Arlene,NOUN,Arlene
(,PUNCT,--
TW,X,TW
),PUNCT,--
",",PUNCT,--
Tursoluk,PROPN,Tursoluk
Hilal,PROPN,Hilal
(,PUNCT,--
TR,PROPN,TR
),PUNCT,--
",",PUNCT,--
Tymkiv,PROPN,Tymkiv
Lubomyr,PROPN,Lubomyr
(,PUNCT,--
UA,PROPN,UA
),PUNCT,--
",",PUNCT,--
Van,PROPN,Van
Hissenhoven,PROPN,Hissenhoven
Marie-Laure,PROPN,Marie-Laure
(,PUNCT,--
IT,PROPN,IT
),PUNCT,--
",",PUNCT,--
Volosiuk,NOUN,Volosiuk
Svetlana,NOUN,Svetlana
(,PUNCT,--
BY,PROPN,BY
),PUNCT,--
",",PUNCT,--
Walasek,PROPN,Walasek
Jan,PROPN,Jan
(,PUNCT,--
PL,PROPN,PL
),PUNCT,--
",",PUNCT,--
Wałęka,PROPN,Wałęka
Robert,PROPN,Robert
(,PUNCT,--
PL,PROPN,PL
),PUNCT,--
",",PUNCT,--
Weimann,PROPN,Weimann
Gisela,PROPN,Gisela
(,PUNCT,--
DE,PROPN,DE
),PUNCT,--
",",PUNCT,--
Wilson,PROPN,Wilson
Bruce,PROPN,Bruce
(,PUNCT,--
CA,PROPN,CA
),PUNCT,--
",",PUNCT,--
Wilson,PROPN,Wilson
Jacqueline,PROPN,Jacqueline
(,PUNCT,--
CA,PROPN,CA
),PUNCT,--
",",PUNCT,--
Wintzer,ADJ,Wintzer
Marie,NOUN,Marie
(,PUNCT,--
JP,NOUN,JP
),PUNCT,--
",",PUNCT,--
Wiśniewska,PROPN,Wiśniewska
Natalia,PROPN,Natalia
(,PUNCT,--
PL,PROPN,PL
),PUNCT,--
",",PUNCT,--
Wojciechowski,PROPN,Wojciechowski
Krzysztof,PROPN,Krzysztof
(,PUNCT,--
PL,PROPN,PL
),PUNCT,--
",",PUNCT,--
Wood,PROPN,Wood
Reid,PROPN,Reid
(,PUNCT,--
DE,PROPN,DE
),PUNCT,--
",",PUNCT,--
Yaremak,PROPN,Yaremak
Myroslav,PROPN,Myroslav
(,PUNCT,--
UA,PROPN,UA
),PUNCT,--
",",PUNCT,--
Zsubori,PROPN,Zsubori
Ervin,PROPN,Ervin
(,PUNCT,--
HU,PROPN,HU
),PUNCT,--
",",PUNCT,--
Zvizhynskyi,PROPN,Zvizhynskyi
Anatoliy,PROPN,Anatoliy
(,PUNCT,--
UA,PROPN,UA
),PUNCT,--
