Token,PoS,Lemma
Recherchestipendien,NOUN,Recherchestipendie
Bildende,ADJ,bildend
Kunst,NOUN,Kunst
2021,NUM,2021
vergeben,VERB,vergeben
"
",SPACE,"
"
Im,ADP,in
Bereich,NOUN,Bereich
Bildende,ADJ,bildend
Kunst,NOUN,Kunst
werden,AUX,werden
im,ADP,in
Jahr,NOUN,Jahr
2021,NUM,2021
Recherchestipendien,NOUN,Recherchestipendie
à,X,--
8.000,NUM,8.000
€,NOUN,€
an,ADP,an
263,NUM,263
in,ADP,in
Berlin,PROPN,Berlin
lebende,ADJ,lebend
und,CCONJ,und
arbeitende,ADJ,arbeitend
bildende,ADJ,bildend
Künstler*innen,NOUN,Künstler*in
und,CCONJ,und
Künstler*innengruppen,NOUN,Künstler*innengruppe
sowie,CCONJ,sowie
an,ADP,an
41,NUM,41
Kurator*innen,NOUN,Kurator*inn
vergeben,VERB,vergeben
.,PUNCT,--
Die,DET,der
Stipendien,NOUN,Stipendi
sind,AUX,sein
für,ADP,für
die,DET,der
künstlerische,ADJ,künstlerisch
bzw.,CCONJ,bzw.
kuratorische,ADJ,kuratorisch
Weiterentwicklung,NOUN,Weiterentwicklung
im,ADP,in
Bereich,NOUN,Bereich
der,DET,der
bildenden,ADJ,bildend
Kunst,NOUN,Kunst
bestimmt,VERB,bestimmen
.,PUNCT,--
Der,DET,der
Jury,NOUN,Jury
gehörten,VERB,gehören
in,ADP,in
diesem,DET,dieser
Jahr,NOUN,Jahr
an,ADP,an
:,PUNCT,--
Lizza,PROPN,Lizza
May,PROPN,May
David,PROPN,David
",",PUNCT,--
Ursula,PROPN,Ursula
Döbereiner,PROPN,Döbereiner
",",PUNCT,--
Kasia,PROPN,Kasia
Fudakowski,PROPN,Fudakowski
",",PUNCT,--
Andreas,PROPN,Andreas
Koch,PROPN,Koch
",",PUNCT,--
Maren,VERB,Maren
Lübke,PROPN,Lübke
Tidow,PROPN,Tidow
",",PUNCT,--
Noemi,PROPN,Noemi
Molitor,PROPN,Molitor
",",PUNCT,--
Viktor,PROPN,Viktor
Neumann,PROPN,Neumann
",",PUNCT,--
Beate,PROPN,Beate
Scheder,PROPN,Scheder
",",PUNCT,--
Karin,PROPN,Karin
Scheel,PROPN,Scheel
",",PUNCT,--
Claudia,PROPN,Claudia
Wahjudi,PROPN,Wahjudi
",",PUNCT,--
Christina,PROPN,Christina
Werner,PROPN,Werner
",",PUNCT,--
Florian,PROPN,Florian
Wüst,PROPN,Wüst
.,PUNCT,--
Insgesamt,ADV,insgesamt
wurden,AUX,werden
1347,NUM,1347
Anträge,NOUN,Antrag
gestellt,VERB,stellen
",",PUNCT,--
von,ADP,von
denen,PRON,der
die,DET,der
Jury,NOUN,Jury
folgende,ADJ,folgend
263,NUM,263
Stipendiat*innen,NOUN,Stipendiat*in
und,CCONJ,und
–,PUNCT,--
gruppen,NOUN,Gruppe
aus,ADP,aus
dem,DET,der
künstlerischen,ADJ,künstlerisch
Bereich,NOUN,Bereich
ausgewählt,VERB,auswählen
hat,AUX,haben
:,PUNCT,--
Ellinor,NOUN,Ellinor
Aurora,PROPN,Aurora
Aasgaard,PROPN,Aasgaard
",",PUNCT,--
Nadja,PROPN,Nadja
Abt,PROPN,Abt
",",PUNCT,--
Andrea,PROPN,Andrea
Acosta,PROPN,Acosta
",",PUNCT,--
Emma,PROPN,Emma
Adler,PROPN,Adler
",",PUNCT,--
Yalda,PROPN,Yalda
Afsah,PROPN,Afsah
",",PUNCT,--
Silva,PROPN,Silva
Agostini,PROPN,Agostini
",",PUNCT,--
Carla,PROPN,Carla
Åhlander,PROPN,Åhlander
",",PUNCT,--
Sophie,PROPN,Sophie
Aigner,PROPN,Aigner
",",PUNCT,--
Bettina,PROPN,Bettina
Allamoda,PROPN,Allamoda
",",PUNCT,--
Monira,PROPN,Monira
Alqadiri,PROPN,Alqadiri
",",PUNCT,--
Eva,PROPN,Eva
Alter,PROPN,Alter
",",PUNCT,--
Roshanak,PROPN,Roshanak
Amini,PROPN,Amini
",",PUNCT,--
Diana,PROPN,Diana
Artus,PROPN,Artus
",",PUNCT,--
Mario,PROPN,Mario
Asef,PROPN,Asef
",",PUNCT,--
Markues,PROPN,Markues
Aviv,PROPN,Aviv
",",PUNCT,--
Ceren,PROPN,Ceren
Aykut,PROPN,Aykut
",",PUNCT,--
Alfred,PROPN,Alfred
Banze,PROPN,Banze
",",PUNCT,--
Gilad,PROPN,Gilad
Baram,PROPN,Baram
",",PUNCT,--
Mehtap,PROPN,Mehtap
Baydu,PROPN,Baydu
",",PUNCT,--
Dörte,NOUN,Dört
Behn,NUM,Behn
",",PUNCT,--
Jonas,PROPN,Jona
Beile,NOUN,Beil
",",PUNCT,--
Carrick,PROPN,Carrick
Bell,PROPN,Bell
",",PUNCT,--
Andrea,PROPN,Andrea
Bellu,PROPN,Bellu
",",PUNCT,--
Samuel,PROPN,Samuel
Bich,PROPN,Bich
",",PUNCT,--
Marc,PROPN,Marc
Bijl,PROPN,Bijl
",",PUNCT,--
Ana,PROPN,Ana
Bilankov,PROPN,Bilankov
",",PUNCT,--
Nadja,PROPN,Nadja
Bournonville,PROPN,Bournonville
",",PUNCT,--
Anne,PROPN,Anne
Brannys,PROPN,Brannys
",",PUNCT,--
Andrea,PROPN,Andrea
Brasch,PROPN,Brasch
",",PUNCT,--
Antonia,PROPN,Antonia
Breme,PROPN,Breme
",",PUNCT,--
Bill,PROPN,Bill
Bultheel,PROPN,Bultheel
",",PUNCT,--
Susanne,PROPN,Susanne
Bürner,PROPN,Bürner
",",PUNCT,--
Astrid,PROPN,Astrid
Busch,PROPN,Busch
",",PUNCT,--
Michael,PROPN,Michael
Busch,PROPN,Busch
",",PUNCT,--
Lysann,PROPN,Lysann
Buschbeck,PROPN,Buschbeck
",",PUNCT,--
Nicholas,PROPN,Nicholas
Bussmann,PROPN,Bussmann
",",PUNCT,--
Johannes,PROPN,Johannes
Büttner,PROPN,Büttner
",",PUNCT,--
Guillaume,NOUN,Guillaume
Cailleau,PROPN,Cailleau
",",PUNCT,--
Ana,PROPN,Ana
Cantoni,PROPN,Cantoni
",",PUNCT,--
Hsiao-Ying,PROPN,Hsiao-Ying
Chen,PROPN,Chen
(,PUNCT,--
Gruppe,NOUN,Gruppe
mit,ADP,mit
Ling-Yu,PROPN,Ling-Yu
He,PROPN,He
&,CCONJ,&
Sum-Sum,PROPN,Sum-Sum
Shen,PROPN,Shen
(,PUNCT,--
Wei-Ju,PROPN,Wei-Ju
Shen,PROPN,Shen
),PUNCT,--
),PUNCT,--
",",PUNCT,--
Isaac,PROPN,Isaac
Chong,PROPN,Chong
Wai,PROPN,Wai
",",PUNCT,--
Jay,PROPN,Jay
Chung,PROPN,Chung
(,PUNCT,--
Gruppe,NOUN,Gruppe
mit,ADP,mit
Q,PROPN,Q
Takeki,PROPN,Takeki
Maeda,PROPN,Maeda
),PUNCT,--
",",PUNCT,--
Stephanie,PROPN,Stephanie
Comilang,PROPN,Comilang
",",PUNCT,--
Rob,PROPN,Rob
Crosse,PROPN,Crosse
",",PUNCT,--
Nico,PROPN,Nico
Curian,PROPN,Curian
",",PUNCT,--
Zuzanna,PROPN,Zuzanna
Czebatul,PROPN,Czebatul
",",PUNCT,--
Mikala,PROPN,Mikala
Hyldig,ADV,Hyldig
dal,ADV,dal
",",PUNCT,--
Christa,PROPN,Christa
Joo,PROPN,Joo
Hyun,PROPN,Hyun
D,PROPN,D
’,PROPN,’
Angelo,PROPN,Angelo
",",PUNCT,--
Alison,PROPN,Alison
Darby,PROPN,Darby
",",PUNCT,--
Leman,PROPN,Leman
Sevda,PROPN,Sevda
Daricioglu,PROPN,Daricioglu
",",PUNCT,--
Jeremiah,PROPN,Jeremiah
Day,PROPN,Day
",",PUNCT,--
Nuray,PROPN,Nuray
Demir,PROPN,Demir
",",PUNCT,--
Michele,PROPN,Michele
Di,PROPN,Di
Menna,PROPN,Menna
",",PUNCT,--
Antje,PROPN,Antje
Dorn,PROPN,Dorn
",",PUNCT,--
Anja,PROPN,Anja
Dornieden,VERB,Dornieden
(,PUNCT,--
Gruppe,NOUN,Gruppe
„,PUNCT,--
OJOBOCA,PROPN,OJOBOCA
“,PUNCT,--
mit,ADP,mit
Juan,PROPN,Juan
David,PROPN,David
Gonzalez,PROPN,Gonzalez
Monrov,PROPN,Monrov
),PUNCT,--
",",PUNCT,--
Jacqueline,PROPN,Jacqueline
Doyen,PROPN,Doyen
",",PUNCT,--
Elisa,PROPN,Elisa
Duca,PROPN,Duca
",",PUNCT,--
Sofia,PROPN,Sofia
Duchovny,PROPN,Duchovny
",",PUNCT,--
Ahu,PROPN,Ahu
Dural,PROPN,Dural
",",PUNCT,--
Martin,PROPN,Martin
Ebner,PROPN,Ebner
",",PUNCT,--
Tatiana,PROPN,Tatiana
Echeverri,PROPN,Echeverri
Fernandez,PROPN,Fernandez
",",PUNCT,--
Lotte,NOUN,Lotte
Meret,PROPN,Meret
Effinger,PROPN,Effinger
",",PUNCT,--
Anna,PROPN,Anna
Ehrenstein,PROPN,Ehrenstein
",",PUNCT,--
Ali,PROPN,Ali
El-Darsa,PROPN,El-Darsa
",",PUNCT,--
Stefan,PROPN,Stefan
Endewardt,PROPN,Endewardt
",",PUNCT,--
Tomás,PROPN,Tomás
Espinosa,PROPN,Espinosa
",",PUNCT,--
Valeria,PROPN,Valeria
Fahrenkrog,PROPN,Fahrenkrog
",",PUNCT,--
Manuel,PROPN,Manuel
Falkenhahn,PROPN,Falkenhahn
",",PUNCT,--
Nadine,ADJ,nadin
Fecht,NOUN,Fecht
",",PUNCT,--
Luiz,PROPN,Luiz
Gustavo,PROPN,Gustavo
Ferreira,PROPN,Ferreira
Zanotello,PROPN,Zanotello
",",PUNCT,--
Ulrike,PROPN,Ulrike
Feser,PROPN,Feser
",",PUNCT,--
Lucas,PROPN,Lucas
Foletto,PROPN,Foletto
Celinski,PROPN,Celinski
",",PUNCT,--
Hayden,PROPN,Hayde
Fowler,PROPN,Fowler
",",PUNCT,--
Claire,PROPN,Claire
Fristot,PROPN,Fristot
",",PUNCT,--
Anja,PROPN,Anja
Fritz,PROPN,Fritz
(,PUNCT,--
Gruppe,NOUN,Gruppe
„,PUNCT,--
Guerilla,PROPN,Guerilla
Architects,PROPN,Architects
“,PUNCT,--
mit,ADP,mit
Silivia,PROPN,Silivia
Gioberti,PROPN,Gioberti
",",PUNCT,--
Nike,PROPN,Nike
Kraft,NOUN,Kraft
",",PUNCT,--
Benedikt,PROPN,Benedikt
Stoll,PROPN,Stoll
",",PUNCT,--
Sarah,PROPN,Sarah
Schneider,PROPN,Schneider
&,CCONJ,&
Schahrzad,PROPN,Schahrzad
Rahmani,PROPN,Rahmani
),PUNCT,--
",",PUNCT,--
Philipp,PROPN,Philipp
Fröhlich,PROPN,Fröhlich
",",PUNCT,--
Marcos,PROPN,Marcos
García,PROPN,García
Pérez,PROPN,Pérez
",",PUNCT,--
Christine,PROPN,Christine
Gedeon,PROPN,Gedeon
",",PUNCT,--
Stephan,PROPN,Stephan
Geene,PROPN,Geene
",",PUNCT,--
Hella,PROPN,Hella
Gerlach,PROPN,Gerlach
",",PUNCT,--
April,PROPN,April
Gertler,PROPN,Gertler
",",PUNCT,--
Katrin,PROPN,Katrin
Glanz,PROPN,Glanz
",",PUNCT,--
Juliane,PROPN,Juliane
Goetz,NOUN,Goetz
(,PUNCT,--
Gruppe,NOUN,Gruppe
„,PUNCT,--
Quadrature,NOUN,Quadrature
“,PUNCT,--
mit,ADP,mit
Sebastian,PROPN,Sebastian
Alexander,PROPN,Alexander
Neitsch,PROPN,Neitsch
),PUNCT,--
",",PUNCT,--
Ece,PROPN,Ece
Gökalp,PROPN,Gökalp
",",PUNCT,--
Niklas,PROPN,Niklas
Goldbach,PROPN,Goldbach
",",PUNCT,--
María,PROPN,María
Amparo,PROPN,Amparo
Gomar,PROPN,Gomar
Vidal,PROPN,Vidal
",",PUNCT,--
Elisabeth,PROPN,Elisabeth
Greinecker,PROPN,Greinecker
",",PUNCT,--
Joachim,PROPN,Joachim
Grommek,PROPN,Grommek
",",PUNCT,--
Tamar,PROPN,Tamar
Guimaraes,PROPN,Guimaraes
",",PUNCT,--
Heyon,PROPN,Heyon
Han,PROPN,han
",",PUNCT,--
Louis,PROPN,Louis
Henderson,PROPN,Henderson
",",PUNCT,--
Sabine,PROPN,Sabine
Herrmann,PROPN,Herrmann
",",PUNCT,--
Joe,PROPN,Joe
Highton,PROPN,Highton
",",PUNCT,--
Susi,PROPN,Susi
Hinz,PROPN,Hinz
",",PUNCT,--
Ute,PROPN,Ute
Hoffritz,PROPN,Hoffritz
",",PUNCT,--
Janne,PROPN,Janne
Höltermann,PROPN,Höltermann
",",PUNCT,--
Lisa,PROPN,Lisa
Holzer,PROPN,Holzer
",",PUNCT,--
Alexandra,PROPN,Alexandra
Hopf,PROPN,Hopf
",",PUNCT,--
Sonja,PROPN,Sonja
Hornung,NOUN,Hornung
",",PUNCT,--
Emma,PROPN,Emma
Waltraud,PROPN,Waltraud
Howes,PROPN,Howes
",",PUNCT,--
Bethan,PROPN,Bethan
Hughes,PROPN,Hughes
",",PUNCT,--
Okka-Esther,ADJ,Okka-Esth
Hungerbühler,NOUN,Hungerbühler
",",PUNCT,--
Ana,PROPN,Ana
Hupe,PROPN,Hupe
",",PUNCT,--
Dominique,PROPN,Dominique
Hurth,PROPN,Hurth
",",PUNCT,--
Susanne,PROPN,Susanne
Huth,PROPN,Huth
",",PUNCT,--
Nico,PROPN,Nico
Ihlein,PROPN,Ihlein
",",PUNCT,--
Patrick,PROPN,Patrick
Jambon,PROPN,Jambon
",",PUNCT,--
Ka,PROPN,Ka
Hee,PROPN,Hee
Jeong,PROPN,Jeong
",",PUNCT,--
Clara,PROPN,Clara
Jo,PROPN,Jo
",",PUNCT,--
Sven,PROPN,Sven
Johne,PROPN,Johne
",",PUNCT,--
Tarren,NOUN,Tarren
Johnson,PROPN,Johnson
",",PUNCT,--
Tony,PROPN,Tony
Just,PROPN,Just
",",PUNCT,--
Jasmine,PROPN,Jasmine
Justice,PROPN,Justice
",",PUNCT,--
Franzis,PROPN,Franzi
Kabisch,NOUN,Kabisch
",",PUNCT,--
Annelies,PROPN,Annelies
Kamen,PROPN,Kamen
",",PUNCT,--
Silke,PROPN,Silke
Kästner,PROPN,Kästner
",",PUNCT,--
Anton,PROPN,Anton
Kats,PROPN,Kats
",",PUNCT,--
Martin,PROPN,Martin
Keil,PROPN,Keil
",",PUNCT,--
Thomas,PROPN,Thomas
Keller,PROPN,Keller
",",PUNCT,--
Lucia,PROPN,Lucia
Kempkes,PROPN,Kempkes
",",PUNCT,--
Bianca,PROPN,Bianca
Kennedy,PROPN,Kennedy
",",PUNCT,--
Mazen,NOUN,Mazen
Kerbaj,PROPN,Kerbaj
",",PUNCT,--
Nima,PROPN,Nima
Keshtkar,PROPN,Keshtkar
",",PUNCT,--
Vika,PROPN,Vika
Kirchenbauer,PROPN,Kirchenbauer
",",PUNCT,--
Halina,PROPN,Halina
Kliem,PROPN,Kliem
",",PUNCT,--
Stephanie,PROPN,Stephanie
Kloss,PROPN,Kloss
",",PUNCT,--
Heinz,PROPN,Heinz
Peter,PROPN,Peter
Knes,PROPN,Knes
",",PUNCT,--
Ak,PROPN,Ak
(,PUNCT,--
Annette,PROPN,Annette
/,PUNCT,--
Frederika,PROPN,Frederika
Antonetta,PROPN,Antonetta
),PUNCT,--
Knol,PROPN,Knol
",",PUNCT,--
Bitsy,PROPN,Bitsy
Knox,PROPN,Knox
",",PUNCT,--
Ekin,PROPN,Ekin
Koc,PROPN,Koc
Demiral,PROPN,Demiral
",",PUNCT,--
Nile,PROPN,Nile
Koetting,PROPN,Koetting
",",PUNCT,--
Aliaksandr,PROPN,Aliaksandr
Komarov,PROPN,Komarov
",",PUNCT,--
Jens,PROPN,Jens
Komossa,PROPN,Komossa
",",PUNCT,--
Felix,PROPN,Felix
Kraus,PROPN,Kraus
",",PUNCT,--
Kornelia,PROPN,Kornelia
Kugler,PROPN,Kugler
",",PUNCT,--
Göksu,PROPN,Göksu
Kunak,PROPN,Kunak
",",PUNCT,--
Susanne,PROPN,Susanne
Kutter,PROPN,Kutter
",",PUNCT,--
Pantea,PROPN,Pantea
Lachin,PROPN,Lachin
",",PUNCT,--
Sidsel,PROPN,Sidsel
Ladegaard,PROPN,Ladegaard
",",PUNCT,--
Heimo,NOUN,Heimo
Lattner,PROPN,Lattner
",",PUNCT,--
Anton,PROPN,Anton
Roland,PROPN,Roland
Laub,PROPN,Laub
",",PUNCT,--
Nicolas,PROPN,Nicolas
Lefort,PROPN,Lefort
",",PUNCT,--
Sara,PROPN,Sara
Lehn,PROPN,Lehn
",",PUNCT,--
Mischa,PROPN,Mischa
Leinkauf,PROPN,Leinkauf
",",PUNCT,--
Marta,PROPN,Marta
Leite,PROPN,Leite
",",PUNCT,--
Achim,PROPN,Achim
Lengerer,PROPN,Lengerer
",",PUNCT,--
Ida,PROPN,Ida
Lennartsson,PROPN,Lennartsson
",",PUNCT,--
Samuel,PROPN,Samuel
Lewitt,PROPN,Lewitt
",",PUNCT,--
Mikhail,PROPN,Mikhail
Lylov,PROPN,Lylov
",",PUNCT,--
Flo,PROPN,Flo
Maak,PROPN,Maak
",",PUNCT,--
Sophie,PROPN,Sophie
Macpherson,PROPN,Macpherson
",",PUNCT,--
Zora,PROPN,Zora
Mann,PROPN,Mann
",",PUNCT,--
Elke,PROPN,Elke
Marhöfer,PROPN,Marhöfer
",",PUNCT,--
Christa,PROPN,Christa
Mayer,PROPN,Mayer
",",PUNCT,--
Angela,PROPN,Angela
Melitopoulos,PROPN,Melitopoulos
",",PUNCT,--
Julia,PROPN,Julia
Mensch,PROPN,Mensch
",",PUNCT,--
Arwed,PROPN,Arwed
Messmer,PROPN,Messmer
",",PUNCT,--
Philip,NOUN,Philip
Kojo,PROPN,Kojo
Metz,PROPN,Metz
",",PUNCT,--
Luzie,PROPN,Luzie
Meyer,PROPN,Meyer
",",PUNCT,--
Agnes,PROPN,Agnes
Meyer-Brandis,PROPN,Meyer-Brandis
",",PUNCT,--
Sascha,PROPN,Sascha
Mikloweit,PROPN,Mikloweit
",",PUNCT,--
Magdalena,PROPN,Magdalena
Mitterhofer,PROPN,Mitterhofer
",",PUNCT,--
Philipp,PROPN,Philipp
Modersohn,PROPN,Modersohn
",",PUNCT,--
Ulrike,PROPN,Ulrike
Mohr,PROPN,Mohr
",",PUNCT,--
Tomoko,PROPN,Tomoko
Mori,PROPN,Mori
",",PUNCT,--
Eleni,PROPN,Eleni
Mouzourou,PROPN,Mouzourou
",",PUNCT,--
Dafna,PROPN,Dafna
Narvaez,PROPN,Narvaez
Berlfein,PROPN,Berlfein
",",PUNCT,--
Christian,PROPN,Christian
Naujoks,PROPN,Naujoks
",",PUNCT,--
Marit,NOUN,Marit
Neeb,PROPN,Neeb
",",PUNCT,--
Hajnal,PROPN,Hajnal
Németh,PROPN,Németh
",",PUNCT,--
Florian,PROPN,Florian
Neufeldt,PROPN,Neufeldt
",",PUNCT,--
Sybille,PROPN,Sybille
Neumeyer,PROPN,Neumeyer
",",PUNCT,--
Kiona,PROPN,Kiona
Niehaus,PROPN,Niehaus
(,PUNCT,--
Gruppe,NOUN,Gruppe
„,PUNCT,--
COVEN,PROPN,COVEN
BERLIN,PROPN,Berlin
“,PUNCT,--
mit,ADP,mit
Lorena,NOUN,Lorena
Juan,PROPN,Juan
",",PUNCT,--
Judith,PROPN,Judith
Landkammer,PROPN,Landkammer
&,CCONJ,&
Louise,PROPN,Louise
Trueheart,PROPN,Trueheart
),PUNCT,--
",",PUNCT,--
Frank,PROPN,Frank
Nitsche,PROPN,Nitsche
",",PUNCT,--
Jana,PROPN,Jana
Sophia,PROPN,Sophia
Nolle,PROPN,Nolle
",",PUNCT,--
Omsk,NOUN,Omsk
Social,NOUN,Social
Club,NOUN,Club
",",PUNCT,--
Marion,PROPN,Marion
ORFILA,PROPN,ORFILA
",",PUNCT,--
Christina,PROPN,Christina
Paetsch,PROPN,Paetsch
",",PUNCT,--
Azar,PROPN,Azar
Pajuhandeh,PROPN,Pajuhandeh
",",PUNCT,--
Yeliz,PROPN,Yeliz
Palak,PROPN,Palak
",",PUNCT,--
Kirsten,PROPN,Kirsten
Palz,PROPN,Palz
",",PUNCT,--
Mila,PROPN,Mila
Panic,PROPN,Panic
",",PUNCT,--
Ioannis,PROPN,Ioannis
Pappas,PROPN,Pappa
",",PUNCT,--
Lorenz,PROPN,Lorenz
Pasch,PROPN,Pasch
",",PUNCT,--
Chih,PROPN,Chih
Ying,PROPN,Ying
Peng,PROPN,Peng
(,PUNCT,--
Musquiqui,PROPN,Musquiqui
Chihying,PROPN,Chihying
),PUNCT,--
",",PUNCT,--
Andres,PROPN,Andres
Pereira,PROPN,Pereira
Paz,PROPN,Paz
",",PUNCT,--
Pfelder,PROPN,Pfelder
",",PUNCT,--
Caroline,PROPN,Caroline
Pitzen,NOUN,Pitz
",",PUNCT,--
David,PROPN,David
Polzin,PROPN,Polzin
",",PUNCT,--
Lucy,PROPN,Lucy
Powell,PROPN,Powell
(,PUNCT,--
Gruppe,NOUN,Gruppe
„,PUNCT,--
HOLOBIOSONICS,PROPN,HOLOBIOSONICS
“,PUNCT,--
mit,ADP,mit
Allison,NOUN,Allison
(,PUNCT,--
Ally,PROPN,Ally
),PUNCT,--
Bisshop,PROPN,Bisshop
),PUNCT,--
",",PUNCT,--
Lars,PROPN,Lars
Preisser,PROPN,Preisser
",",PUNCT,--
Nihad,PROPN,Nihad
Pusija,PROPN,Pusija
",",PUNCT,--
Ariel,NOUN,Ariel
Reichman,PROPN,Reichman
",",PUNCT,--
Sabine,PROPN,Sabine
Reinfeld,PROPN,Reinfeld
(,PUNCT,--
FRAU,PROPN,FRAU
BERLIN,PROPN,Berlin
),PUNCT,--
",",PUNCT,--
Sophie,PROPN,Sophie
Reinhold,PROPN,Reinhold
",",PUNCT,--
Josefine,PROPN,Josefine
Reisch,PROPN,Reisch
",",PUNCT,--
Gonzalo,PROPN,Gonzalo
Reyes,PROPN,Reyes
Araos,PROPN,Araos
",",PUNCT,--
Kate-Hers,PROPN,Kate-Her
Rhee,PROPN,Rhee
",",PUNCT,--
Sarah,PROPN,Sarah
Rosengarten,PROPN,Rosengarten
",",PUNCT,--
Andreas,PROPN,Andreas
Rost,PROPN,Rost
",",PUNCT,--
Marta,PROPN,Marta
Sala,PROPN,Sala
",",PUNCT,--
Mahsa,PROPN,Mahsa
Saloor,PROPN,Saloor
",",PUNCT,--
Hanna,PROPN,Hanna
Schaich,PROPN,Schaich
",",PUNCT,--
Laura,PROPN,Laura
Schawelka,PROPN,Schawelka
",",PUNCT,--
Sylvia,PROPN,Sylvia
Schedelbauer,PROPN,Schedelbauer
",",PUNCT,--
Roman,PROPN,Roman
Schramm,PROPN,Schramm
",",PUNCT,--
Kerstin,PROPN,Kerstin
Schroedinger,PROPN,Schroedinger
",",PUNCT,--
Beatrice,PROPN,Beatrice
Schuett,PROPN,Schuett
Moumdjian,PROPN,Moumdjian
",",PUNCT,--
Michael,PROPN,Michael
Schultze,PROPN,Schultze
",",PUNCT,--
Matti,PROPN,Matti
Schulz,PROPN,Schulz
",",PUNCT,--
Jana,PROPN,Jana
Schulz,PROPN,Schulz
",",PUNCT,--
Jannis,PROPN,Jannis
Schulze,PROPN,Schulze
",",PUNCT,--
Maya,PROPN,Maya
Schweizer,PROPN,Schweizer
",",PUNCT,--
Wenke,PROPN,Wenk
Seemann,PROPN,Seemann
",",PUNCT,--
Daniel,PROPN,Daniel
Seiffert,PROPN,Seiffert
",",PUNCT,--
Stefanie,NOUN,Stefanie
Seufert,NOUN,Seufert
",",PUNCT,--
Maria,PROPN,Maria
Sewcz,PROPN,Sewcz
",",PUNCT,--
Setareh,PROPN,Setareh
Shahbazi,PROPN,Shahbazi
",",PUNCT,--
Adam,PROPN,Adam
Shaw,PROPN,Shaw
",",PUNCT,--
Diana,PROPN,Diana
Sirianni,PROPN,Sirianni
",",PUNCT,--
Simon,PROPN,Simon
Speiser,PROPN,Speiser
",",PUNCT,--
Martin,PROPN,Martin
Städeli,PROPN,Städeli
",",PUNCT,--
Antonius,PROPN,Antonius
Steenbock,PROPN,Steenbock
",",PUNCT,--
Andrzej,PROPN,Andrzej
Steinbach,PROPN,Steinbach
",",PUNCT,--
Johanna,PROPN,Johanna
Stiegeler,PROPN,Stiegeler
",",PUNCT,--
Kerstin,PROPN,Kerstin
Stoll,PROPN,Stoll
",",PUNCT,--
Maria,PROPN,Maria
Sturm,PROPN,Sturm
",",PUNCT,--
Anna,PROPN,Anna
M.,PROPN,M.
Szaflarski,PROPN,Szaflarski
",",PUNCT,--
Birgit,PROPN,Birgit
Szepanski,PROPN,Szepanski
",",PUNCT,--
Benedikt,PROPN,Benedikt
Terwiel,PROPN,Terwiel
",",PUNCT,--
Clarissa,PROPN,Clarissa
Thieme,PROPN,Thieme
",",PUNCT,--
Anna,PROPN,Anna
Tiessen,PROPN,Tiessen
(,PUNCT,--
Schuett,PROPN,Schuett
&,CCONJ,&
Tiessen,NOUN,Tiessen
),PUNCT,--
",",PUNCT,--
Sung,NOUN,Sung
(,PUNCT,--
Dung,NOUN,Dung
),PUNCT,--
Tieu,NOUN,Tieu
",",PUNCT,--
Milos,PROPN,Milos
Trakilovic,PROPN,Trakilovic
",",PUNCT,--
Bernd,PROPN,Bernd
Trasberger,PROPN,Trasberger
",",PUNCT,--
Sophie-Therese,PROPN,Sophie-Therese
Trenka-Dalton,PROPN,Trenka-Dalton
",",PUNCT,--
Johanna,PROPN,Johanna
Unzueta,PROPN,Unzueta
",",PUNCT,--
Vlado,PROPN,Vlado
Velkov,PROPN,Velkov
",",PUNCT,--
Viron,PROPN,Viron
Erol,PROPN,Erol
Vert,VERB,Vert
",",PUNCT,--
Anke,PROPN,Anke
Völk,PROPN,Völk
",",PUNCT,--
Claudia,PROPN,Claudia
von,ADP,von
Funcke,NOUN,Funcke
",",PUNCT,--
Andreas,PROPN,Andreas
von,PROPN,von
Ow,PROPN,Ow
",",PUNCT,--
Simon,PROPN,Simon
Wachsmuth,PROPN,Wachsmuth
",",PUNCT,--
Reijiro,PROPN,Reijiro
Wada,PROPN,Wada
",",PUNCT,--
Christine,PROPN,Christine
Weber,PROPN,Weber
",",PUNCT,--
Suse,PROPN,Suse
Weber,PROPN,Weber
",",PUNCT,--
Jonas,PROPN,Jona
Weber,PROPN,Weber
Herrera,PROPN,Herrera
",",PUNCT,--
Katrin,PROPN,Katrin
Wegemann,PROPN,Wegemann
",",PUNCT,--
Dagmar,PROPN,Dagmar
Weiß,PROPN,Weiß
",",PUNCT,--
Philip,PROPN,Philip
Widmann,PROPN,Widmann
",",PUNCT,--
Gernot,PROPN,Gernot
Wieland,PROPN,Wieland
",",PUNCT,--
Clemens,PROPN,Clemens
Wilhelm,PROPN,Wilhelm
",",PUNCT,--
Lisa,PROPN,Lisa
Wilkens,PROPN,Wilkens
",",PUNCT,--
Katrin,PROPN,Katrin
Winkler,PROPN,Winkler
",",PUNCT,--
Andrea,PROPN,Andrea
Winkler,PROPN,Winkler
",",PUNCT,--
Alexander,PROPN,Alexander
Wolff,PROPN,Wolff
",",PUNCT,--
Barbara,PROPN,Barbara
Wrede,PROPN,Wrede
",",PUNCT,--
Ina,PROPN,Ina
Wudtke,PROPN,Wudtke
",",PUNCT,--
Christine,PROPN,Christine
Würmell,PROPN,Würmell
",",PUNCT,--
Miriam,PROPN,Miriam
Yammad,PROPN,Yammad
",",PUNCT,--
Raed,PROPN,Raed
Yassin,PROPN,Yassin
",",PUNCT,--
Xiaopeng,PROPN,Xiaopeng
Zhou,PROPN,Zhou
",",PUNCT,--
Inga,PROPN,Inga
Zimprich,PROPN,Zimprich
.,PUNCT,--
Von,ADP,von
den,DET,der
1347,NUM,1347
Anträgen,NOUN,Anträg
wurden,AUX,werden
folgende,ADJ,folgend
41,NUM,41
Stipendiat*innen,NOUN,Stipendiat*in
und,CCONJ,und
–,PUNCT,--
gruppen,NOUN,Gruppe
aus,ADP,aus
dem,DET,der
kuratorischen,ADJ,kuratorisch
Bereich,NOUN,Bereich
ausgewählt,VERB,auswählen
:,PUNCT,--
Charlotte,PROPN,Charlotte
Bank,PROPN,Bank
",",PUNCT,--
Celina,PROPN,Celina
Basra,PROPN,Basra
",",PUNCT,--
Madeleine,PROPN,Madeleine
Bernstorff,PROPN,Bernstorff
",",PUNCT,--
Francesca,PROPN,Francesca
Boenzi,PROPN,Boenzi
",",PUNCT,--
Tomke,PROPN,Tomke
Braun,PROPN,Braun
",",PUNCT,--
Melissa,PROPN,Melissa
Canbaz,PROPN,Canbaz
",",PUNCT,--
Raphael,PROPN,Raphael
Daibert,PROPN,Daibert
Gomide,PROPN,Gomide
",",PUNCT,--
Thibaut,PROPN,Thibaut
de,PROPN,de
Ruyter,PROPN,Ruyter
",",PUNCT,--
Hans-Jürgen,PROPN,Hans-Jürgen
Hafner,PROPN,Hafner
",",PUNCT,--
Ada,PROPN,Ada
Maria,PROPN,Maria
Hennel,PROPN,Hennel
(,PUNCT,--
Gruppe,NOUN,Gruppe
mit,ADP,mit
Lisette,PROPN,Lisette
Lagnado,PROPN,Lagnado
),PUNCT,--
",",PUNCT,--
Alexis,PROPN,Alexis
Hyman,PROPN,Hyman
Wolff,PROPN,Wolff
",",PUNCT,--
Andrea,PROPN,Andrea
Carolin,PROPN,Carolin
Keppler,PROPN,Keppler
",",PUNCT,--
Keumhwa,PROPN,Keumhwa
Kim,PROPN,Kim
",",PUNCT,--
Stephan,PROPN,Stephan
Klee,PROPN,Klee
",",PUNCT,--
Bettina,PROPN,Bettina
Klein,PROPN,Klein
",",PUNCT,--
Christian,PROPN,Christian
Kobald,PROPN,Kobald
",",PUNCT,--
Erden,PROPN,Erde
Kosova,NOUN,Kosova
",",PUNCT,--
Kristina,PROPN,Kristina
Kramer-Tuncludemir,PROPN,Kramer-Tuncludemir
",",PUNCT,--
Marianna,PROPN,Marianna
Liosi,PROPN,Liosi
",",PUNCT,--
Anastasia,PROPN,Anastasia
Marukhina,PROPN,Marukhina
",",PUNCT,--
Camila,PROPN,Camila
McHugh,PROPN,McHugh
",",PUNCT,--
Isabelle,PROPN,Isabelle
Meiffert,PROPN,Meiffert
",",PUNCT,--
Lotte,PROPN,Lotte
Møller,PROPN,Møller
",",PUNCT,--
MARIA,PROPN,MARIA
Morata,PROPN,Morata
",",PUNCT,--
Gilles,PROPN,Gilles
Neiens,PROPN,Neien
(,PUNCT,--
Gruppe,NOUN,Gruppe
„,PUNCT,--
insitu,PROPN,insitu
collective,PROPN,Collective
mit,ADP,mit
Marie,PROPN,Marie
Graftieaux,PROPN,Graftieaux
",",PUNCT,--
Nora,PROPN,Nora
Mayr,PROPN,Mayr
&,CCONJ,&
Lauren,PROPN,Lauren
Reid,PROPN,Reid
),PUNCT,--
",",PUNCT,--
Paul,PROPN,Paul
Paulun,PROPN,Paulun
",",PUNCT,--
Ece,PROPN,Ece
Pazarbasi,PROPN,Pazarbasi
",",PUNCT,--
Heiko,PROPN,Heiko
Pfreundt,PROPN,Pfreundt
",",PUNCT,--
Isabel,PROPN,Isabel
Raabe,NOUN,Raabe
",",PUNCT,--
Axel,PROPN,Axel
Roch,PROPN,Roch
",",PUNCT,--
Elisa,PROPN,Elisa
Linn,PROPN,Linn
Roguszczak,PROPN,Roguszczak
",",PUNCT,--
Vanina,PROPN,Vanina
Saracino,PROPN,Saracino
",",PUNCT,--
Anna,PROPN,Anna
Schäffler,PROPN,Schäffler
",",PUNCT,--
Valeria,PROPN,Valeria
Schwarz,PROPN,Schwarz
",",PUNCT,--
Inga,PROPN,Inga
Seidler,PROPN,Seidler
",",PUNCT,--
Daniela,PROPN,Daniela
Seitz,PROPN,Seitz
(,PUNCT,--
Gruppe,NOUN,Gruppe
),PUNCT,--
",",PUNCT,--
Ela,PROPN,Ela
Spalding,PROPN,Spalding
",",PUNCT,--
Anna-Sophie,PROPN,Anna-Sophie
Springer,PROPN,Springer
",",PUNCT,--
Jorgina,PROPN,Jorgina
Stamogianni,PROPN,Stamogianni
",",PUNCT,--
Can,PROPN,Can
Sungu,PROPN,Sungu
",",PUNCT,--
Jasco,PROPN,Jasco
Viefhues,PROPN,Viefhues
.,PUNCT,--
Kulturstaatssekretär,NOUN,Kulturstaatssekretär
Dr.,NOUN,Dr.
Torsten,PROPN,Torsten
Wöhlert,NOUN,Wöhlert
dankt,VERB,danken
der,DET,der
Jury,NOUN,Jury
ganz,ADV,ganz
herzlich,ADV,herzlich
für,ADP,für
die,DET,der
Unterstützung,NOUN,Unterstützung
und,CCONJ,und
wünscht,VERB,wünschen
den,DET,der
Geförderten,NOUN,Gefördert
viel,DET,viel
Erfolg,NOUN,Erfolg
in,ADP,in
ihrer,DET,ihr
künstlerischen,ADJ,künstlerisch
bzw.,CCONJ,bzw.
kuratorischen,ADJ,kuratorisch
Arbeit,NOUN,Arbeit
.,PUNCT,--
